Visibility,Time,Unexpected_beh
1,8.090339660644531,10
1,33.582906007766724,2
1,7.381732225418091,0
1,13.18615198135376,0
